{"cameraMode":{"drawMode":0,"name":"Shaded","section":"Shading Mode"},"sceneLighting":true,"audioPlay":false,"sceneViewState":{"showFog":true,"showMaterialUpdate":false,"showSkybox":true,"showFlares":true,"showImageEffects":true,"showParticleSystems":true},"in2DMode":false,"pivot":{"x":-2.2838587760925295,"y":-4.903656005859375,"z":6.565650939941406},"rotation":{"x":-0.2481614053249359,"y":0.1795031577348709,"z":-0.046851303428411487,"w":-0.9507907629013062},"size":5.147815227508545,"orthographic":false}